treatment,female.mean.weight.g,male.mean.weight.g,female.num,male.num
Csa,9.7804878048780478E-2,4.9561403508771931E-2,41,114
Csb,9.4230769230769215E-2,5.0275862068965518E-2,52,145
Csc,9.1562500000000005E-2,4.7346938775510203E-2,32,98
Csd,9.2045454545454541E-2,5.0833333333333328E-2,44,84
