treatment,female.mean.weight.g,male.mean.weight.g,female.num,male.num
Csa,8.7499999999999994E-2,5.4444444444444448E-2,40,171
Csb,8.7894736842105262E-2,4.579439252336448E-2,38,107
Csc,8.9782608695652188E-2,4.9090909090909095E-2,46,121
Csd,9.2444444444444454E-2,5.0824742268041227E-2,45,97
